"id","COVID_ARDS","sex","age","hypert","diabetes","dislip","tto_hypert","tto_diabet","statin","frailty","race","height","weight","bmi","CKD","COPD","cirrhosis","immunosup","neoplasia","sbp_1","dbp_1","HR_1","vasoactive_1","ventmode_1","FiO2_1","Vt_1","RR_1","PEEP_1","Pplat_1","PIP_1","prone_1","bnm_1","NO_1","pO2_1","pCO2_1","pH_1","eb_1","HCO3_1","lact_1","cr_1","urea_1","crrt_1","brb_1","hb_1","htc_1","leuc_1","lymph_1","platelet_1","TP_1","TTPa_1","fibrinogen_1","Ddimer_1","ferritin_1","il6_1","Ddimer_3","ferritin_3","il6_3","icu_mort","ibw","PaFi_1","vt_ibw_1","Crs_1","driving_1","vei_1","DAa_1","icu_los","no_steroids","early_prone","ever_prone","intubated","nmba","ecmo","preICU","follow_up.icu","apache2","vfd28","PCT_ing"
"d1.41","1","1","68","1","1","1","1","0","0","4","1","155","70","29.33","0","0","0","1","0","97","75","49","1","1","0.35","460","18","14","24","30","1","NA","0","99.4","41.7","7.28","-7.2","18.9","1.3","0.59","39","NA","<1","13.9","41.6","7760","690","329000","18.5","29.9","811","1550","267","35","1197","299","7","0","47.866","284","9.610161701","46","10","0.316413536","98.025","11","TRUE","TRUE","TRUE","TRUE","FALSE","FALSE","0","11","18","17","0.23"
"d1.16","1","0","71","1","0","0","1","0","0","4","3","170","70","24.22","0","0","0","0","1","123","69","95","1","1","0.35","423","22","10","24","33","1","1","0","92.9","41.9","7.38","NA","NA","1.1","2.77","115","0","<1","10.9","37.3","14550","1400","182000","15.8","37.3","900","16609","NA","143","7018","NA","11","0","66.016","265.4285714","6.407537567","30.21428571","14","0.179233447","104.275","11","FALSE","TRUE","TRUE","TRUE","FALSE","FALSE","0","11","13","19","NA"
"d1.13","1","0","60","1","0","0","2","0","0","5","1","160","85","33.2","0","1","0","0","0","106","67","74","1","1","0.4","522","16","12","24","30","1","NA","0","107","41","7.36","-2.4","23","1","0.88","25","0","<1","10.7","32.1","10260","460","232000","13.9","31.4","829","1203","924","259","1196","NA","6","0","56.916","267.5","9.1714105","43.5","12","0.321815718","126.95","14","TRUE","TRUE","TRUE","TRUE","FALSE","FALSE","3","14","15","15","NA"
"d1.17","1","0","70","1","0","0","2","0","0","3","1","172","75","25.35","0","1","0","0","0","121","57","57","1","1","0.6","499","15","16","24","33","0","0","0","79.6","42.7","7.39","1.3","NA","1.8","1.44","50","0","NA","12","35.3","9780","650","240000","13.9","33.9","941","547","NA","309","806","NA","950","0","67.836","132.6666667","7.355976178","62.375","8","0.348992056","294.825","14","TRUE","TRUE","TRUE","TRUE","FALSE","FALSE","0","14","18","16","NA"
"d1.43","1","1","71","1","0","0","4","0","0","3","1","165","NA","NA","0","0","0","0","0","154","68","43","1","1","0.45","445","20","14","28","28","0","1","0","101","46.6","7.394","3.5","26.9","2.2","0.45","44","NA","1.4","12","33.5","14620","560","400000","12.9","25.3","729","1439","1107","12","1929","659","11","0","56.966","224.4444444","7.811677141","31.78571429","14","0.291232373","161.6","16","TRUE","FALSE","FALSE","TRUE","FALSE","FALSE","1","16","15","13","0.12"
"d1.54","1","0","69","0","1","1","0","1","1","4","1","175","100","32.65","0","0","1","0","0","119","42","57","1","1","0.5","443","22","16","30","32","0","NA","0","98.1","48.1","7.397","4.7","28","1.8","0.46","49","NA","<1","11.2","36.7","7680","260","149000","13.6","36.3","385","6784","1410","115","4378","NA","NA","0","70.566","196.2","6.277810844","31.64285714","14","0.224437724","198.275","76","FALSE","FALSE","FALSE","TRUE","TRUE","FALSE","0","76","22","0","0.07"
"d1.38","1","0","78","1","0","0","2","0","0","3","1","NA","80","NA","0","0","0","0","0","124","61","73","0","1","0.65","491","18","15","34","34","1","NA","0","95.6","61.9","7.272","1.7","24.8","1.1","1.04","77","NA","<1","10.6","33.4","11850","940","354000","15.4","37.1","390","6799","2481","737","5874","NA","NA","1","NA","147.0769231","NA","25.84210526","19","0.179500987","290.475","39","FALSE","TRUE","TRUE","TRUE","TRUE","FALSE","10","39","16","0","2.53"
"d1.22","1","0","60","1","0","0","1","0","0","4","1","165","98","36","0","0","0","0","0","132","72","69","1","1","0.4","470","22","16","31","31","0","1","0","75.1","45.6","7.322","-2.5","22.1","1.2","0.99","56","NA","<1","12.9","38.9","4590","800","128000","14.1","34.6","841","1154","1765","253","605","1994","87","0","61.466","187.75","7.646503758","31.33333333","15","0.252525253","153.1","10","FALSE","FALSE","FALSE","TRUE","TRUE","FALSE","2","10","17","21","0.14"
"d1.20","1","0","61","0","0","0","0","0","0","2","1","NA","70","NA","0","0","0","0","0","117","63","58","0","0","1","NA","28","NA","NA","NA","0","0","0","81.1","42.2","7.47","7.6","NA","1.1","0.66","24","NA","NA","13.7","39.2","2520","580","176000","13.2","36.8","809","855","NA","143","1427","NA","313","0","NA","81.1","NA","NA","NA","NA","579.15","13","TRUE","TRUE","TRUE","TRUE","TRUE","FALSE","3","13","16","19","NA"
"d1.11","1","1","58","1","1","0","4","2","1","4","1","165","93","34.2","0","0","0","0","0","119","70","106","0","0","1","NA","NA","NA","NA","NA","0","0","0","80.5","42.2","7.42","NA","27.4","0.9","0.74","36","NA","<1","12.2","37.2","6550","760","196000","16.2","33.4","926","643","555","242","1607","456","72","0","56.966","80.5","NA","NA","NA","NA","579.75","20","TRUE","FALSE","FALSE","TRUE","TRUE","FALSE","3","20","17","12","NA"
"d1.12","1","0","68","1","0","1","2","0","1","3","1","176","86","27.76","0","0","0","0","1","125","58","71","1","1","0.5","526","18","10","22","34","1","1","0","75.4","38.9","7.42","1.3","26","0.6","0.86","35","NA","<1","8.9","27.4","8720","560","244000","17.2","28.1","970","2126","1673","1487","6099","1959","174","0","71.476","150.8","7.359113549","43.83333333","12","0.226125869","232.475","46","TRUE","TRUE","TRUE","TRUE","TRUE","FALSE","8","46","16","0","NA"
"d1.10","1","1","78","0","0","1","0","0","1","4","1","160","78","30.5","0","0","0","0","2","129","47","58","5","1","0.3","383","17","10","25","34","1","NA","0","103","38.6","7.35","-4.2","21.4","0.5","0.58","16","NA","<1","9.8","30.7","1820","610","67000","13.2","30.2","736","470","345","72","1541","312","42","0","52.416","343.3333333","7.306929182","25.53333333","15","0.241288225","62.65","12","TRUE","TRUE","TRUE","TRUE","FALSE","FALSE","0","12","15","18","NA"
"d1.8","1","0","66","0","0","1","0","0","1","3","1","162","90","NA","0","1","0","0","0","136","57","65","1","1","0.4","502","18","12","22","29","1","NA","0","77.8","41.6","7.43","2.4","26.9","1.1","0.61","21","NA","<1","11.8","35.5","6030","970","322000","15.2","34.5","756","33760","3853","211","17574","3868","NA","0","58.736","194.5","8.546717516","50.2","10","0.298516843","155.4","23","TRUE","TRUE","TRUE","TRUE","FALSE","FALSE","0","23","13","8","0.45"
"d1.30","1","1","57","1","1","1","2","0","1","4","1","152","68","29.43","0","0","0","0","0","150","93","73","0","0","0.21","NA","NA","NA","NA","NA","0","0","0","NA","NA","NA","NA","NA","NA","1.12","82","NA","<1","11.4","34.1","5800","1390","122000","14.9","42.1","339","2393","NA","16","732","NA","12","0","45.136","NA","NA","NA","NA","NA","NA","1","TRUE","NA","NA","FALSE","TRUE","FALSE","1","1","4","28","NA"
"d1.9","1","0","61","0","0","0","0","0","0","4","1","166","75","27.2","0","0","0","0","0","155","81","72","1","1","1","500","12","12","29","30","1","1","0","183","51.4","7.31","-0.4","25.8","1","1.51","67","NA","<1","14.7","47.1","5080","400","192000","14","43.2","892","1084","1344","22","988","1544","2655","0","62.376","183","8.015903553","29.41176471","17","0.342268338","465.75","30","TRUE","TRUE","TRUE","TRUE","FALSE","FALSE","0","30","19","7","NA"
"d1.26","1","0","58","0","0","0","0","0","0","2","1","NA","94","NA","0","0","0","0","0","119","70","90","1","1","0.4","504","22","16","21","21","0","0","0","61","42","7.385","0.1","24.2","1.2","0.83","62","NA","<1","13.7","40.7","3680","640","125000","12.2","36.9","717","1174","10148","2298","1014","2783","NA","0","NA","152.5","NA","100.8","5","0.822510823","171.7","51","TRUE","FALSE","TRUE","TRUE","TRUE","FALSE","1","51","12","0","0.23"
"d1.21","1","0","78","1","0","0","2","0","1","4","1","182","111","33.51","1","0","0","0","0","124","52","49","1","1","0.35","433","18","10","20","20","0","NA","0","85.7","39.9","7.329","-5","20.6","1.4","1.75","93","NA","3.3","11.7","35.3","8020","1120","146000","12.2","36.7","806","573","935","145","1790","428","NA","0","76.936","244.8571429","5.628054487","43.3","10","0.529100529","113.975","9","TRUE","FALSE","FALSE","TRUE","FALSE","FALSE","3","9","17","19","0.12"
"d1.19","1","0","68","0","1","1","0","1","1","3","1","170","72","24.9","0","1","0","0","1","119","79","89","0","0","0.8","NA","26","NA","NA","NA","0","0","0","70.8","38.9","7.45","3.3","27.2","0.6","1.24","51","NA","4","16.9","50","7260","570","203000","14","34.5","995","452","1349","452","467","2928","69","0","66.016","88.5","NA","NA","NA","NA","450.975","25","FALSE","TRUE","TRUE","TRUE","FALSE","FALSE","2","25","25","6","NA"
"d1.25","1","1","66","0","0","0","0","0","0","3","1","158","65","26.03","0","0","0","0","0","143","76","64","1","1","0.6","420","18","14","30","31","0","NA","0","136","46.9","7.2","NA","21.5","1.7","0.93","50","NA","<1","12.6","36.9","22260","940","486000","14.8","27.1","1151","4887","649","666","5309","NA","NA","1","50.596","226.6666667","8.301051467","26.25","16","0.26478253","233.175","24","TRUE","FALSE","FALSE","TRUE","TRUE","TRUE","0","24","16","0","0.94"
"d1.28","1","0","33","0","0","0","0","0","0","2","2","NA","NA","NA","0","0","0","0","0","119","71","64","0","0","0.45","NA","NA","NA","NA","NA","0","0","0","70.8","38.1","7.453","2.7","26.7","2","0.56","26","NA","<1","13.1","39.6","10380","1190","482000","12.7","29.1","763","576","2897","69","423","NA","52","0","NA","157.3333333","NA","NA","NA","NA","202.425","2","FALSE","NA","NA","FALSE","TRUE","FALSE","3","2","9","28","0.21"
"d1.3","1","0","49","1","0","0","1","0","0","2","2","170","95","32.9","0","0","0","0","0","106","63","80","1","1","0.5","474","16","10","35","39","1","1","0","94.7","43.7","7.39","1.7","26.7","1.3","0.71","24","NA","<1","13.9","42.4","9520","630","257000","13.7","27.8","794","866","NA","348","1247","1519","NA","0","66.016","189.4","7.180077557","18.96","25","0.187406297","207.175","20","TRUE","TRUE","TRUE","TRUE","TRUE","FALSE","0","20","26","10","NA"
"d1.6","1","0","66","0","0","0","0","0","0","3","1","183","101","30.3","0","0","0","0","0","114","72","113","1","1","0.8","460","19","10","30","31","1","NA","0","114","57.9","7.32","4.5","30.4","0.9","2.09","151","0","<1","12.8","38.9","15140","1000","227000","19.9","31.6","1072","680","NA","97","NA","NA","157","1","77.846","142.5","5.909102587","23","20","0.164487211","384.025","1","TRUE","TRUE","TRUE","TRUE","FALSE","FALSE","0","1","31","0","NA"
"d1.31","1","0","69","0","0","0","0","0","0","2","NA","NA","75","NA","0","0","0","0","0","144","76","46","1","1","0.4","500","22","14","28","28","0","1","0","113","58","7.231","-3.2","21.6","0.8","1.55","71","NA","1.9","10.7","33.3","8130","580","268000","11.3","33.5","949","1022","1496","1324","6470","449","NA","0","NA","282.5","NA","35.71428571","14","0.212718316","99.7","49","FALSE","FALSE","TRUE","TRUE","TRUE","FALSE","3","49","16","0","0.1"
"d1.5","1","0","68","1","1","0","4","2","0","5","1","176","68","22","1","0","0","0","0","156","70","74","1","1","0.5","574","14","10","21","28","1","NA","0","136","43.9","7.34","-2","NA","0.7","1.38","66","0","<1","13.6","42.1","7640","830","167000","13.6","27.9","762","836","NA","281","1179","NA","54","0","71.476","272","8.030667637","52.18181818","11","0.34349351","165.625","41","TRUE","TRUE","TRUE","TRUE","TRUE","FALSE","1","41","27","2","NA"
"d1.18","1","0","63","1","0","1","0","0","0","2","1","171","80","27.36","0","0","0","0","0","113","63","62","0","0","0.35","NA","26","NA","NA","NA","0","0","0","69","42","7.47","-0.3","24.9","NA","0.93","39","0","<1","15","44.6","4880","480","145000","14.1","32.3","751","454","1630","136","1320","2171","156","0","66.926","197.1428571","NA","NA","NA","NA","128.05","10","FALSE","TRUE","TRUE","TRUE","FALSE","FALSE","3","10","11","19","NA"
"d1.2","1","0","76","1","1","1","1","1","1","3","1","170","81","28","0","0","0","0","0","96","47","65","1","1","0.5","592","16","7","17","26","1","1","0","157","36","7.38","-2","NA","0.7","1.15","56","0","<1","12.5","35","8110","1810","240000","12.6","33.9","940","1945","NA","102","NA","862","308","0","66.016","314","8.967523025","59.2","10","0.347222222","154.5","26","TRUE","TRUE","TRUE","TRUE","TRUE","FALSE","5","26","30","4","NA"
"d1.4","1","0","74","1","0","0","2","0","0","3","1","173","100","33.4","0","0","0","0","1","108","62","60","1","1","0.6","408","16","10","20","25","1","1","0","121","42.9","7.34","NA","23.7","0.5","0.67","27","NA","<1","12.6","37.9","6040","890","266000","16.5","30.4","910","858","1582","136","1870","1285","1352","0","68.746","201.6666667","5.934890757","40.8","10","0.369075369","253.175","15","TRUE","TRUE","TRUE","TRUE","TRUE","FALSE","3","15","27","13","NA"
"d1.55","1","0","56","1","1","1","2","1","1","3","1","187","106","30.31","0","0","0","0","0","150","82","71","0","0","0.6","NA","NA","NA","NA","NA","0","0","0","66","38.5","7.485","5.6","29","1.6","0.79","67","NA","<1","14.4","44.7","13360","440","269000","12.4","27.7","926","709","1382","52","893","NA","47","0","81.486","110","NA","NA","NA","NA","313.675","10","FALSE","FALSE","FALSE","TRUE","FALSE","FALSE","4","10","11","21","0.07"
"d1.50","1","0","75","0","0","0","0","0","0","3","1","174","76","25.1","0","0","0","0","0","154","64","46","0","0","0.4","NA","NA","NA","NA","NA","0","0","0","91.5","38.5","7.47","4.7","28.3","1.8","0.65","53","NA","<1","11.8","35.6","5550","1060","239000","13.8","28.2","286","6681","1021","7","4730","NA","NA","0","69.656","228.75","NA","NA","NA","NA","145.575","2","FALSE","FALSE","FALSE","FALSE","FALSE","FALSE","6","2","12","28","NA"
"d1.56","1","1","68","0","1","1","0","1","0","5","1","NA","81","NA","0","0","0","0","0","120","58","74","0","0","0.5","NA","NA","NA","NA","NA","0","NA","0","111","31.6","7.46","-0.8","24.3","1.3","0.58","29","NA","<1","12.2","35.1","2900","610","200000","11.7","24.1","668","1122","1000","136","3926","NA","NA","0","NA","222","NA","NA","NA","NA","206","13","TRUE","TRUE","TRUE","TRUE","FALSE","FALSE","3","13","19","17","0.92"
"d1.46","1","0","66","1","0","1","2","0","0","4","1","NA","70","NA","0","0","0","0","0","106","67","55","0","1","0.5","504","18","15","27","28","1","NA","0","82.8","39.1","7.496","6.9","30.2","1.1","1.21","111","NA","<1","11.2","35.1","3970","380","125000","12.5","46.5","733","126","1059","52","212","NA","53","0","NA","165.6","NA","42","12","0.415327781","224.825","31","TRUE","TRUE","TRUE","TRUE","FALSE","FALSE","5","31","9","3","0.47"
"d1.37","1","0","78","1","0","1","2","0","1","4","1","NA","NA","NA","1","0","0","0","0","165","70","58","0","0","0.8","NA","NA","NA","NA","NA","0","0","0","62.9","34","7.496","3","27.2","2","0.99","37","NA","1.7","15.7","45.5","9520","530","364000","15","32.4","717","2224","2958","20","3916","2450","NA","0","NA","78.625","NA","NA","NA","NA","465","14","FALSE","FALSE","FALSE","FALSE","FALSE","FALSE","4","14","14","28","0.33"
"d1.32","1","0","75","1","0","1","4","0","1","4","1","170","66","22.84","0","0","0","0","0","148","61","45","0","1","0.9","479","14","12","26","26","0","NA","0","NA","NA","NA","NA","NA","NA","0.87","27","NA","<1","12.5","36.9","3620","400","126000","12.2","33","796","1309","764","204","1953","887","5","1","66.016","NA","7.255816772","34.21428571","14","NA","NA","18","FALSE","FALSE","FALSE","TRUE","TRUE","FALSE","1","18","17","0","0.22"
"d1.33","1","0","79","0","0","0","0","0","0","3","1","170","65","22.49","0","0","0","0","0","88","71","109","0","1","0.8","444","20","14","26","26","0","NA","0","113","66.1","7.124","-7.6","17.6","1.2","0.81","64","NA","<1","12.4","37","6690","470","282000","14.7","30.2","983","1774","1275","74","2157","729","150","0","66.016","141.25","6.725642269","37","12","0.239536056","374.775","50","FALSE","TRUE","TRUE","TRUE","TRUE","FALSE","3","50","16","0","1.43"
"d1.36","1","0","78","1","1","1","2","0","1","4","1","167","75","26.9","0","1","0","0","0","202","75","34","0","1","0.4","488","14","12","25","25","0","0","0","93.9","42.2","7.33","-3.5","21.6","1.4","1.56","93","NA","<1","10.7","33.6","11440","750","305000","12.1","30.4","616","13756","1421","112","3478","1266","86","0","63.286","234.75","7.711026135","37.53846154","13","0.494765898","138.55","6","TRUE","FALSE","FALSE","TRUE","FALSE","FALSE","0","6","21","20","0.11"
"d1.42","1","1","52","1","0","0","4","0","0","4","1","163","135","50.8","0","0","0","0","0","146","79","90","1","1","0.4","462","20","16","31","31","1","NA","0","95.6","39","7.47","4.8","28.3","1.1","0.67","30","NA","<1","11.9","37.6","8500","690","260000","14.3","34.5","1074","1778","NA","114","1740","NA","NA","1","55.146","239","8.377760853","30.8","15","0.324786325","140.85","39","TRUE","TRUE","TRUE","TRUE","TRUE","FALSE","5","39","4","0","0.22"
"d1.39","1","0","75","1","0","1","1","0","1","3","1","172","86","29.1","0","0","0","0","0","134","61","72","0","1","0.5","469","19","12","30","36","1","NA","0","109","64.5","7.238","0.1","22.7","1.3","0.95","76","NA","<1","14.4","42.4","15910","1620","215000","12","25.2","703","1752","1476","74","17886","NA","NA","1","67.836","218","6.913733121","26.05555556","18","0.129198966","166.875","155","FALSE","TRUE","TRUE","TRUE","TRUE","FALSE","1","155","22","0","0.12"
"d1.47","1","0","70","1","0","1","2","0","0","6","1","NA","60","NA","0","0","0","0","0","126","70","86","0","1","0.75","496","16","12","26","30","0","NA","0","87","40.9","7.41","0.1","24.5","0.9","0.56","NA","NA","NA","12","35.9","11550","480","480000","11.1","30.7","955","1809","2786","38","28507","NA","184","1","NA","116","NA","35.42857143","14","0.322602554","396.625","75","TRUE","FALSE","FALSE","TRUE","FALSE","FALSE","2","75","20","0","0.61"
"d1.35","1","0","78","1","0","1","2","0","1","4","1","166","70","25.4","1","0","0","0","0","128","57","60","1","1","0.35","455","14","16","29","29","1","NA","0","94.6","43.8","7.35","8","23.6","0.9","1.3","54","NA","<1","11","31.6","8350","950","252000","13","28.2","712","2756","1329","375","3874","687","2329","1","62.376","270.2857143","7.294472233","35","13","0.476692258","100.2","22","TRUE","TRUE","TRUE","TRUE","TRUE","FALSE","1","22","21","0","0.6"
"d1.45","1","0","67","1","0","0","2","0","0","3","1","165","90","33.79","0","0","0","0","1","118","51","62","1","1","0.35","459","18","14","29","29","0","NA","0","99.9","44.9","7.367","0.4","24.4","1.9","0.57","31","NA","<1","14.2","43.4","15060","1560","423000","14.5","34.9","875","3486","734","65","1320","NA","5","0","61.466","285.4285714","7.467543032","30.6","15","0.313453766","93.525","10","TRUE","FALSE","FALSE","TRUE","TRUE","FALSE","1","10","22","16","3.61"
"d1.27","1","0","71","0","0","1","0","0","0","3","1","177","78","24.9","0","0","0","0","1","152","77","65","1","1","0.4","670","22","16","25","25","0","NA","0","85.9","51.3","7.306","-0.7","23.2","2","1.2","64","NA","<1","13.6","41.8","20890","430","326000","13.9","26.4","832","11792","1658","18","4441","NA","NA","1","72.386","214.75","9.255933468","74.44444444","9","0.374111485","135.175","30","TRUE","FALSE","FALSE","TRUE","TRUE","FALSE","0","30","26","0","0.33"
"d1.29","1","0","69","1","0","0","2","0","0","3","1","172","80","27.04","0","0","0","0","0","155","85","46","0","0","0.5","NA","NA","NA","NA","NA","0","0","0","84","39.8","7.404","0.1","24.4","1.3","0.91","42","NA","<1","11.6","36.7","3410","700","220000","11.8","26.8","302","16137","2374","5414","7518","1857","4","0","67.836","168","NA","NA","NA","NA","222.75","7","TRUE","FALSE","FALSE","TRUE","FALSE","FALSE","2","7","13","23","0.28"
"d1.106","1","0","56","0","0","0","0","0","0","3","1","166","70","25.4","0","0","0","0","0","120","61","73","1","1","0.3","550","15","8","NA","26","1","1","0","89.3","37.5","7.44","1.7","25.8","1.2","0.55","38","0","<1","14.2","42.1","11890","1270","230000","13.3","27.7","801","NA","NA","185","NA","NA","24","0","62.376","297.6666667","8.817493908","NA","NA","0.375308642","77.725","9","FALSE","TRUE","TRUE","TRUE","FALSE","FALSE","4","9","22","21","NA"
"d1.103","1","0","76","0","0","0","0","0","0","3","1","156","75","30.8","0","0","0","0","0","142","75","58","1","1","0.4","480","18","12","NA","28","0","0","0","111","41.4","7.4","1.2","25.4","1","0.68","32","0","<1","12.4","36.1","7180","580","124000","12.4","25.6","573","750","2612","94","1478","NA","NA","1","53.276","277.5","9.009685412","NA","NA","0.318706388","122.45","34","FALSE","TRUE","TRUE","TRUE","TRUE","FALSE","2","34","12","0","0.09"
"d1.49","1","0","75","1","1","1","4","1","1","6","1","178","80","25.25","0","0","0","0","2","116","61","52","1","0","0.5","NA","NA","NA","NA","NA","0","0","NA","94.9","33.2","7.36","-6.3","19.9","1.6","1.2","85","NA","<1","10.3","29.7","6160","310","151000","12.4","36","822","709","1990","260","3370","NA","NA","0","73.296","189.8","NA","NA","NA","NA","220.1","14","TRUE","TRUE","TRUE","TRUE","FALSE","FALSE","2","14","20","17","0.14"
"d1.52","1","0","57","0","0","0","0","0","0","2","1","NA","90","NA","0","0","0","0","0","102","62","65","0","1","0.6","504","18","18","NA","32","0","0","0","105","43.5","7.266","-7.2","18.8","0.7","0.86","54","NA","<1","14.5","41.5","10760","480","167000","15","31.3","1116","627","2777","59","3729","NA","NA","0","NA","175","NA","NA","NA","0.346652071","268.425","17","TRUE","FALSE","TRUE","TRUE","TRUE","FALSE","3","17","14","13","0.64"
"d4.51","1","0","66","1","0","0","1","0","0","3","1","166","96","33","0","0","0","0","0","131","74","105","1","0","0.36","NA","NA","NA","NA","NA","0","0","0","70.6","25.4","7.4","-9.3","18.4","2.7","1.79","49","NA","3.4","12","35.2","27550","660","118000","17","58.7","677","146759","1661","90","1265","1027","23","0","62.376","196.1111111","NA","NA","NA","NA","154.33","7","TRUE","FALSE","FALSE","FALSE","FALSE","FALSE","0","7","18","28","19"
"d4.40","1","0","69","0","0","0","0","0","0","3","1","170","80","27.68","0","0","0","0","0","116","71","78","0","1","0.5","532","22","14","28","28","0","1","0","87.5","42.9","7.355","-1.5","23","1.7","0.58","33","NA","<1","14.9","46","3400","650","264000","11.4","29","508","4010","864","1434","20616","NA","NA","0","66.016","175","8.058652448","38","14","0.287591197","215.375","85","FALSE","FALSE","FALSE","TRUE","TRUE","FALSE","3","85","20","0","0.23"
"d4.34","1","0","60","1","0","1","2","0","0","3","1","170","83","28.72","0","0","0","0","0","134","66","45","0","0","1","NA","NA","NA","NA","NA","0","0","0","64.7","35.6","7.457","1.2","25.6","1.8","0.69","51","NA","<1","14.7","42.5","1280","1130","184000","10.4","23.7","482","1348","909","41","1251","NA","NA","0","66.016","64.7","NA","NA","NA","NA","603.8","8","FALSE","FALSE","FALSE","TRUE","TRUE","FALSE","6","8","16","22","0.19"
"d1.53","1","0","80","0","0","0","0","0","0","3","1","162","80","30.48","0","0","0","0","0","132","83","87","1","1","0.45","500","24","14","NA","30","0","0","0","83.7","46.7","7.33","-2.7","22","2.2","0.9","65","NA","<1","16.2","49.7","6930","640","143000","13.2","29.4","467","5905","1481","7","2378","NA","8","0","58.736","186","8.512666848","NA","NA","0.211902213","178.775","16","TRUE","FALSE","FALSE","TRUE","FALSE","FALSE","1","16","20","14","0.15"
"d4.44","1","1","67","0","0","0","0","0","0","3","1","NA","NA","NA","0","0","0","0","0","98","62","58","0","0","0.3","NA","NA","NA","NA","NA","0","0","0","117","31.2","7.5","1.6","26.1","0.9","0.58","36","NA","<1","9.8","30.2","4360","920","228000","12.1","22.6","613","1172","786","2","2023","NA","2","0","NA","390","NA","NA","NA","NA","57.9","3","FALSE","FALSE","FALSE","FALSE","FALSE","FALSE","5","3","16","28","0.26"
"d4.71","1","0","84","0","0","0","0","0","0","3","1","175","98","32","0","0","0","0","0","142","68","82","1","1","0.4","544","20","15","28","30","0","1","0","106","43","7.347","2.1","22.6","1.9","1.09","89","0","<1","12.8","36.9","12770","290","491000","13.6","25.1","768","2385","1047","910","6727","1172","NA","0","70.566","265","7.709095032","41.84615385","13","0.294573643","125.45","47","FALSE","FALSE","FALSE","TRUE","TRUE","FALSE","2","47","19","0","0.49"
"d4.80","1","0","62","0","0","0","0","0","0","3","1","178","110","34.72","0","1","0","0","0","140","77","65","1","1","0.5","505","20","12","NA","25","1","1","0","95.7","50.2","7.404","6.6","28.9","1.2","0.93","108","0","<1","15.9","51.5","6470","570","236000","14.6","28.6","726","616","1087","65","6641","1458","NA","0","73.296","191.4","6.889871207","NA","NA","0.29114312","198.05","17","FALSE","TRUE","TRUE","TRUE","FALSE","FALSE","1","17","18","22","0.22"
"d4.88","1","0","63","1","0","1","2","0","1","3","1","160","84","32.9","0","0","0","0","0","117","63","60","1","1","0.4","400","18","14","27","28","1","1","0","111","44","7.28","5.8","19.8","11.1","0.88","57","0","<1","11.5","33.2","9770","490","242000","NA","NA","NA","1049","1009","16","NA","NA","NA","0","56.916","277.5","7.027900766","30.76923077","13","0.342712843","119.2","19","FALSE","TRUE","TRUE","TRUE","TRUE","FALSE","3","19","14","14","0.13"
"d4.91","1","1","59","0","0","1","0","0","0","1","1","154","75","31.6","0","0","0","0","0","162","59","56","0","0","0.5","NA","22","NA","NA","NA","0","0","0","72.3","42","7.43","4","27.5","1.7","0.55","36","0","<1","11.6","34.1","4790","870","270000","12.5","23.7","673","920","926","24","665","1153","20","0","46.956","144.6","NA","NA","NA","NA","231.7","3","FALSE","FALSE","FALSE","FALSE","FALSE","FALSE","7","3","9","28","0.12"
"d4.94","1","1","61","1","1","1","0","1","1","3","1","150","87","38.6","0","0","0","0","0","77","59","110","1","1","0.6","460","18","15","30","31","0","1","0","101","46.2","7.24","7.4","18.5","1.5","1.27","62","0","<1","10.7","35.6","11750","1010","622000","12.7","25.7","843","2631","223","129","2068","NA","618","0","43.316","168.3333333","10.61963247","30.66666667","15","0.285594036","269.05","19","FALSE","FALSE","FALSE","TRUE","TRUE","FALSE","0","19","16","9","0.36"